mysql> select * from Customer;
+-----+---------+-------------------------+-----------+-----------+
| id  | name    | address                 | city      | ph_no     |
+-----+---------+-------------------------+-----------+-----------+
| 100 | Nihal   | Poonooor,Calicut        | Calicut   | 984564218 |
| 101 | Mishab  | Balussery,Calicut       | Kozhikode | 952734974 |
| 102 | Niya    | Thamarassery,Calicut    | Kozhikode | 985204567 |
| 104 | Nadha   | Ulliyeri,Calicut        | Kozhikode | 456789999 |
| 105 | Karthik | Perinthalmanna,Palakkad | Palakkad  | 789665445 |
+-----+---------+-------------------------+-----------+-----------+
5 rows in set (0.00 sec)

mysql> select * from Product;
+-----+----------------------+-------+
| pid | pname                | price |
+-----+----------------------+-------+
| 150 | LEXI PEN             |     5 |
| 151 | PEPSI 250            |    31 |
| 152 | BISCUIT 250          |    51 |
| 153 | PROCESSED FOOD S.P   |   143 |
| 210 | DINNRSET 10PC        |  2039 |
| 213 | TOY 5Y               |   264 |
| 216 | CUCUMBER 1KG         |    31 |
| 223 | CARROT 1KG           |   102 |
| 226 | NIRAPARA MATTA RICE  |    42 |
| 230 | COLGATE T.P          |    51 |
| 243 | PEPSI 1L             |    92 |
| 255 | 50-50 BISCUIT        |    31 |
| 256 | DISPOSABLE MASK PACK |   102 |
+-----+----------------------+-------+
13 rows in set (0.00 sec)





1.Display customer_id, city  who lives either in ‘CLT’ or in ‘TVM’
-----------------------------------------------------------------

mysql>  SELECT id,city FROM Customer WHERE city="Kozhikode" OR city="Palakkad";
+-----+-----------+
| id  | city      |
+-----+-----------+
| 101 | Kozhikode |
| 102 | Kozhikode |
| 104 | Kozhikode |
| 105 | Palakkad  |
+-----+-----------+
4 rows in set (0.00 sec)



2.Display product details with an updated price amount(new price= old price+5rs)
-------------------------------------------------------------------------


mysql>  UPDATE Product SET price=price+5;
Query OK, 13 rows affected (0.11 sec)
Rows matched: 13  Changed: 13  Warnings: 0

mysql> select * from Product;
+-----+----------------------+-------+
| pid | pname                | price |
+-----+----------------------+-------+
| 150 | LEXI PEN             |    10 |
| 151 | PEPSI 250            |    36 |
| 152 | BISCUIT 250          |    56 |
| 153 | PROCESSED FOOD S.P   |   148 |
| 210 | DINNRSET 10PC        |  2044 |
| 213 | TOY 5Y               |   269 |
| 216 | CUCUMBER 1KG         |    36 |
| 223 | CARROT 1KG           |   107 |
| 226 | NIRAPARA MATTA RICE  |    47 |
| 230 | COLGATE T.P          |    56 |
| 243 | PEPSI 1L             |    97 |
| 255 | 50-50 BISCUIT        |    36 |
| 256 | DISPOSABLE MASK PACK |   107 |
+-----+----------------------+-------+
13 rows in set (0.00 sec)





3.Display customer details who doesn’t have phone number and lives in ‘Calicut’ city (use logical operators)
----------------------------------------------------------------------------


mysql> select * from Customer;
+-----+---------+-------------------------+------------+-----------+
| id  | name    | address                 | city       | ph_no     |
+-----+---------+-------------------------+------------+-----------+
| 100 | Nihal   | Poonooor,Calicut        | Calicut    | 984564218 |
| 101 | Mishab  | Balussery,Calicut       | Kozhikode  | 952734974 |
| 102 | Niya    | Thamarassery,Calicut    | Kozhikode  | 985204567 |
| 104 | Nadha   | Ulliyeri,Calicut        | Kozhikode  | 456789999 |
| 105 | Karthik | Perinthalmanna,Palakkad | Palakkad   | 789665445 |
| 106 | Anwar   | Karanthur,Calicut       | Calicut    |      NULL |
| 107 | Hiba    | Manjeri,Malappuram      | Malappuram |      NULL |
| 108 | Aleefa  | Mukkam,Calicut          | Calicut    |      NULL |
+-----+---------+-------------------------+------------+-----------+
8 rows in set (0.00 sec)

mysql> SELECT * FROM Customer WHERE ph_no IS NULL AND city="Calicut";
+-----+--------+-------------------+---------+-------+
| id  | name   | address           | city    | ph_no |
+-----+--------+-------------------+---------+-------+
| 106 | Anwar  | Karanthur,Calicut | Calicut |  NULL |
| 108 | Aleefa | Mukkam,Calicut    | Calicut |  NULL |
+-----+--------+-------------------+---------+-------+
2 rows in set (0.00 sec)




4.List the product names if it finds any records in the invoice items table has quantity =3 (use special operators)
-------------------------------------------------------------------------------------


mysql> SELECT pname FROM Product WHERE pid IN(SELECT pid FROM Invoice_item); //WRONG QUERY
+----------------------+
| pname                |
+----------------------+
| BISCUIT 250          |
| DINNRSET 10PC        |
| TOY 5Y               |
| CUCUMBER 1KG         |
| CARROT 1KG           |
| NIRAPARA MATTA RICE  |
| COLGATE T.P          |
| PEPSI 1L             |
| 50-50 BISCUIT        |
| DISPOSABLE MASK PACK |
+----------------------+
10 rows in set (0.00 sec)

//RESUBMIT
